{"cameraMode":{"drawMode":0,"name":"Shaded","section":"Shading Mode"},"sceneLighting":true,"audioPlay":false,"sceneViewState":{"showFog":true,"showMaterialUpdate":false,"showSkybox":true,"showFlares":true,"showImageEffects":true,"showParticleSystems":true,"showVisualEffectGraphs":true,"m_FxEnabled":true},"in2DMode":false,"pivot":{"x":505.69256591796877,"y":330.52117919921877,"z":9.857574462890625},"rotation":{"x":-0.2102169543504715,"y":-0.011147101409733296,"z":0.0023996434174478056,"w":-0.9775938987731934},"size":493.74542236328127,"orthographic":false}