{"cameraMode":{"drawMode":0,"name":"Shaded","section":"Shading Mode"},"sceneLighting":true,"audioPlay":false,"sceneViewState":{"showFog":true,"showMaterialUpdate":false,"showSkybox":true,"showFlares":true,"showImageEffects":true,"showParticleSystems":true,"showVisualEffectGraphs":true,"m_FxEnabled":true},"in2DMode":false,"pivot":{"x":565.5390014648438,"y":336.73858642578127,"z":11.291839599609375},"rotation":{"x":-0.2102169543504715,"y":-0.011147101409733296,"z":0.0023996434174478056,"w":-0.9775938987731934},"size":439.5659484863281,"orthographic":false}