{"cameraMode":{"drawMode":0,"name":"Shaded","section":"Shading Mode"},"sceneLighting":true,"audioPlay":false,"sceneViewState":{"showFog":true,"showMaterialUpdate":false,"showSkybox":true,"showFlares":true,"showImageEffects":true,"showParticleSystems":true,"showVisualEffectGraphs":true,"m_FxEnabled":true},"in2DMode":false,"pivot":{"x":397.57000732421877,"y":86.92315673828125,"z":-97.54696655273438},"rotation":{"x":-0.2102169543504715,"y":-0.011147101409733296,"z":0.0023996434174478056,"w":-0.9775938987731934},"size":650.8529052734375,"orthographic":false}